{"cameraMode":{"drawMode":0,"name":"Shaded","section":"Shading Mode"},"sceneLighting":false,"audioPlay":false,"sceneViewState":{"showFog":true,"showMaterialUpdate":false,"showSkybox":false,"showFlares":true,"showImageEffects":true,"showParticleSystems":true},"in2DMode":false,"pivot":{"x":-0.1960420310497284,"y":2.611271619796753,"z":-0.4981704354286194},"rotation":{"x":0.01083841547369957,"y":0.9890041947364807,"z":0.0949285477399826,"w":-0.11293690651655197},"size":0.646410346031189,"orthographic":false}