{"cameraMode":{"drawMode":0,"name":"Shaded","section":"Shading Mode"},"sceneLighting":true,"audioPlay":false,"sceneViewState":{"showFog":true,"showMaterialUpdate":true,"showSkybox":true,"showFlares":true,"showImageEffects":true,"showParticleSystems":true},"in2DMode":false,"pivot":{"x":-1.5984978675842286,"y":-0.2844516634941101,"z":4.595086574554443},"rotation":{"x":-0.057687144726514819,"y":-0.7016075849533081,"z":0.05717586725950241,"w":-0.7079443335533142},"size":2.190897226333618,"orthographic":false}