{"cameraMode":{"drawMode":0,"name":"Shaded","section":"Shading Mode"},"sceneLighting":true,"audioPlay":false,"sceneViewState":{"showFog":true,"showMaterialUpdate":true,"showSkybox":true,"showFlares":true,"showImageEffects":true,"showParticleSystems":true},"in2DMode":false,"pivot":{"x":0.26401379704475405,"y":1.7607836723327637,"z":3.2711446285247804},"rotation":{"x":-0.16419583559036256,"y":0.6168931126594544,"z":-0.13362227380275727,"w":-0.7580440044403076},"size":0.34330135583877566,"orthographic":false}