{"cameraMode":{"drawMode":0,"name":"Shaded","section":"Shading Mode"},"sceneLighting":true,"audioPlay":false,"sceneViewState":{"showFog":true,"showMaterialUpdate":true,"showSkybox":true,"showFlares":true,"showImageEffects":true,"showParticleSystems":true},"in2DMode":false,"pivot":{"x":-0.38997864723205569,"y":0.8291126489639282,"z":0.5024977326393127},"rotation":{"x":0.15209528803825379,"y":-0.602647602558136,"z":0.11818880587816239,"w":0.7745369672775269},"size":4.096817970275879,"orthographic":false}