{"cameraMode":{"drawMode":0,"name":"Shaded","section":"Shading Mode"},"sceneLighting":true,"audioPlay":false,"sceneViewState":{"showFog":true,"showMaterialUpdate":true,"showSkybox":true,"showFlares":true,"showImageEffects":true,"showParticleSystems":true},"in2DMode":false,"pivot":{"x":0.8016127347946167,"y":1.8262133598327637,"z":3.8770742416381838},"rotation":{"x":-0.009664625860750676,"y":0.7142152786254883,"z":-0.009863696992397309,"w":-0.6997932195663452},"size":0.03464099392294884,"orthographic":false}