{"cameraMode":{"drawMode":0,"name":"Shaded","section":"Shading Mode"},"sceneLighting":true,"audioPlay":false,"sceneViewState":{"showFog":true,"showMaterialUpdate":true,"showSkybox":true,"showFlares":true,"showImageEffects":true,"showParticleSystems":true},"in2DMode":false,"pivot":{"x":0.9330588579177856,"y":1.9351425170898438,"z":3.2312099933624269},"rotation":{"x":0.038721438497304919,"y":-0.5637996792793274,"z":0.02627495676279068,"w":0.8246480226516724},"size":0.03464099019765854,"orthographic":false}