{"cameraMode":{"drawMode":0,"name":"Shaded","section":"Shading Mode"},"sceneLighting":true,"audioPlay":false,"sceneViewState":{"showFog":true,"showMaterialUpdate":true,"showSkybox":true,"showFlares":true,"showImageEffects":true,"showParticleSystems":true},"in2DMode":false,"pivot":{"x":0.24498648941516877,"y":0.7920645475387573,"z":0.23966659605503083},"rotation":{"x":-0.02703128196299076,"y":-0.27934351563453677,"z":-0.007995867170393467,"w":0.9598702192306519},"size":0.8500868678092957,"orthographic":false}