{"cameraMode":{"drawMode":0,"name":"Shaded","section":"Shading Mode"},"sceneLighting":true,"audioPlay":false,"sceneViewState":{"showFog":true,"showMaterialUpdate":true,"showSkybox":true,"showFlares":true,"showImageEffects":true,"showParticleSystems":true},"in2DMode":false,"pivot":{"x":-0.043750304728746417,"y":2.0083398818969728,"z":4.308661460876465},"rotation":{"x":0.04617368057370186,"y":0.003593296743929386,"z":0.0001662725117057562,"w":-0.9989312291145325},"size":1.5908973217010499,"orthographic":false}